Name,Price,Discount,Image
,,,
,,,
"APPLE iPhone SE (Black, 128 GB)","₹35,099",21% off,"<img alt=""APPLE iPhone SE (Black, 128 GB)"" class=""_396cs4 _3exPp9"" src=""https://rukminim1.flixcart.com/image/312/312/k9loccw0/mobile/p/z/q/apple-iphone-se-mxd02hn-a-original-imafrcpjfehbbqgb.jpeg?q=70""/>"
"APPLE iPhone SE (White, 128 GB)","₹35,099",21% off,"<img alt=""APPLE iPhone SE (White, 128 GB)"" class=""_396cs4 _3exPp9"" src=""https://rukminim1.flixcart.com/image/312/312/k9loccw0/mobile/6/b/z/apple-iphone-se-mxd12hn-a-original-imafrcqfsuzwa3dz.jpeg?q=70""/>"
"APPLE iPhone 12 Mini (Black, 64 GB)","₹49,999",16% off,"<img alt=""APPLE iPhone 12 Mini (Black, 64 GB)"" class=""_396cs4 _3exPp9"" src=""https://rukminim1.flixcart.com/image/312/312/kg8avm80/mobile/n/p/d/apple-iphone-12-mini-dummyapplefsn-original-imafwgbfwyzztfnh.jpeg?q=70""/>"
"APPLE iPhone SE (Red, 64 GB)","₹30,099",24% off,"<img alt=""APPLE iPhone SE (Red, 64 GB)"" class=""_396cs4 _3exPp9"" src=""https://rukminim1.flixcart.com/image/312/312/k9loccw0/mobile/6/8/g/apple-iphone-se-mxvv2hn-a-original-imafrcqmfxhcrpsb.jpeg?q=70""/>"
"APPLE iPhone SE (White, 64 GB)","₹30,099",24% off,"<img alt=""APPLE iPhone SE (White, 64 GB)"" class=""_396cs4 _3exPp9"" src=""https://rukminim1.flixcart.com/image/312/312/k9loccw0/mobile/6/b/z/apple-iphone-se-mxd12hn-a-original-imafrcqfsuzwa3dz.jpeg?q=70""/>"
"APPLE iPhone SE (Black, 64 GB)","₹30,099",24% off,"<img alt=""APPLE iPhone SE (Black, 64 GB)"" class=""_396cs4 _3exPp9"" src=""https://rukminim1.flixcart.com/image/312/312/k9loccw0/mobile/p/z/q/apple-iphone-se-mxd02hn-a-original-imafrcpjfehbbqgb.jpeg?q=70""/>"
"APPLE iPhone SE (Red, 128 GB)","₹35,099",21% off,"<img alt=""APPLE iPhone SE (Red, 128 GB)"" class=""_396cs4 _3exPp9"" src=""https://rukminim1.flixcart.com/image/312/312/k9loccw0/mobile/6/8/g/apple-iphone-se-mxvv2hn-a-original-imafrcqmfxhcrpsb.jpeg?q=70""/>"
"APPLE iPhone 12 (Black, 64 GB)","₹60,199",8% off,"<img alt=""APPLE iPhone 12 (Black, 64 GB)"" class=""_396cs4 _3exPp9"" src=""https://rukminim1.flixcart.com/image/312/312/kg8avm80/mobile/r/h/z/apple-iphone-12-dummyapplefsn-original-imafwg8dqgncgbcb.jpeg?q=70""/>"
APPLE 2021 Macbook Pro M1 Pro - (16 GB/512 GB SSD/Mac OS Monterey) MKGP3HN/A,"₹1,82,890",6% off,"<img alt=""APPLE 2021 Macbook Pro M1 Pro - (16 GB/512 GB SSD/Mac OS Monterey) MKGP3HN/A"" class=""_396cs4 _3exPp9"" src=""https://rukminim1.flixcart.com/image/312/312/kuyf8nk0/computer/c/8/u/mkgp3hn-a-thin-and-light-laptop-apple-original-imag7yznc5d2rsuh.jpeg?q=70""/>"
APPLE 2020 Macbook Pro M1 - (8 GB/512 GB SSD/Mac OS Big Sur) MYDC2HN/A,"₹1,31,990",7% off,"<img alt=""APPLE 2020 Macbook Pro M1 - (8 GB/512 GB SSD/Mac OS Big Sur) MYDC2HN/A"" class=""_396cs4 _3exPp9"" src=""https://rukminim1.flixcart.com/image/312/312/khdqnbk0/computer/5/2/3/apple-original-imafxfyqp4fbfuv3.jpeg?q=70""/>"
APPLE 2020 Macbook Pro M1 - (8 GB/512 GB SSD/Mac OS Big Sur) MYD92HN/A,"₹1,31,990",7% off,"<img alt=""APPLE 2020 Macbook Pro M1 - (8 GB/512 GB SSD/Mac OS Big Sur) MYD92HN/A"" class=""_396cs4 _3exPp9"" src=""https://rukminim1.flixcart.com/image/312/312/khdqnbk0/computer/e/6/n/apple-original-imafxfyq4agsgysn.jpeg?q=70""/>"
Apple AirPods with Charging Case Bluetooth Headset with Mic,"₹12,499",16% off,"<img alt=""Apple AirPods with Charging Case Bluetooth Headset with Mic"" class=""_396cs4 _3exPp9"" src=""https://rukminim1.flixcart.com/image/312/312/kpinwy80/headphone/x/r/e/mmef2hn-a-apple-original-imag3qe9hphsevrt.jpeg?q=70""/>"
APPLE Airpods Pro with MagSafe Charging Case Bluetooth Headset,"₹24,900",,"<img alt=""APPLE Airpods Pro with MagSafe Charging Case Bluetooth Headset"" class=""_396cs4 _3exPp9"" src=""https://rukminim1.flixcart.com/image/312/312/kpinwy80/headphone/r/1/q/mwp22hn-a-apple-original-imag3qe9eqkfhmg8.jpeg?q=70""/>"
APPLE MHJD3HN/A 20 W 3 A Mobile Charger,"₹1,899",,"<img alt=""APPLE MHJD3HN/A 20 W 3 A Mobile Charger"" class=""_396cs4 _3exPp9"" src=""https://rukminim1.flixcart.com/image/312/312/kgqvlow0/battery-charger/d/a/7/apple-mhjd3hn-a-original-imafwwwfg5xgcctm.jpeg?q=70""/>"
"APPLE iPhone 12 Mini (White, 64 GB)","₹49,999",16% off,"<img alt=""APPLE iPhone 12 Mini (White, 64 GB)"" class=""_396cs4 _3exPp9"" src=""https://rukminim1.flixcart.com/image/312/312/kg8avm80/mobile/d/g/b/apple-iphone-12-mini-dummyapplefsn-original-imafwgbfhfevaajh.jpeg?q=70""/>"
"APPLE iPhone 12 Mini (Blue, 64 GB)","₹49,999",16% off,"<img alt=""APPLE iPhone 12 Mini (Blue, 64 GB)"" class=""_396cs4 _3exPp9"" src=""https://rukminim1.flixcart.com/image/312/312/kg8avm80/mobile/r/2/r/apple-iphone-12-mini-dummyapplefsn-original-imafwgbfcswp9fh5.jpeg?q=70""/>"
"APPLE iPhone 12 (Blue, 128 GB)","₹64,999",8% off,"<img alt=""APPLE iPhone 12 (Blue, 128 GB)"" class=""_396cs4 _3exPp9"" src=""https://rukminim1.flixcart.com/image/312/312/kg8avm80/mobile/y/7/n/apple-iphone-12-dummyapplefsn-original-imafwg8dqq7z8cgh.jpeg?q=70""/>"
"Apple iPhone XR ((PRODUCT)RED, 64 GB) (Includes EarPods, Power Adapter)","₹39,999",16% off,"<img alt=""Apple iPhone XR ((PRODUCT)RED, 64 GB) (Includes EarPods, Power Adapter)"" class=""_396cs4 _3exPp9"" src=""https://rukminim1.flixcart.com/image/312/312/jnj7iq80/mobile/3/f/a/apple-iphone-xr-mry62hn-a-original-imafa6zkhyceh8dg.jpeg?q=70""/>"
"APPLE iPhone 13 (Pink, 128 GB)","₹74,900",6% off,"<img alt=""APPLE iPhone 13 (Pink, 128 GB)"" class=""_396cs4 _3exPp9"" src=""https://rukminim1.flixcart.com/image/312/312/ktketu80/mobile/z/r/x/iphone-13-mlph3hn-a-apple-original-imag6vzz4rt8t7gk.jpeg?q=70""/>"
"APPLE iPhone 12 Mini (Green, 64 GB)","₹49,999",16% off,"<img alt=""APPLE iPhone 12 Mini (Green, 64 GB)"" class=""_396cs4 _3exPp9"" src=""https://rukminim1.flixcart.com/image/312/312/kg8avm80/mobile/h/v/w/apple-iphone-12-mini-dummyapplefsn-original-imafwgb2zuc9gwgb.jpeg?q=70""/>"
"APPLE iPhone 13 (Starlight, 128 GB)","₹74,900",6% off,"<img alt=""APPLE iPhone 13 (Starlight, 128 GB)"" class=""_396cs4 _3exPp9"" src=""https://rukminim1.flixcart.com/image/312/312/ktketu80/mobile/h/w/1/iphone-13-mlpg3hn-a-apple-original-imag6vpy84hrnjyz.jpeg?q=70""/>"
"APPLE iPhone 13 (Midnight, 128 GB)","₹74,900",6% off,"<img alt=""APPLE iPhone 13 (Midnight, 128 GB)"" class=""_396cs4 _3exPp9"" src=""https://rukminim1.flixcart.com/image/312/312/ktketu80/mobile/f/c/g/iphone-13-mlpf3hn-a-apple-original-imag6vzzzfa5ndzm.jpeg?q=70""/>"
APPLE 2020 Macbook Air M1 - (8 GB/256 GB SSD/Mac OS Big Sur) MGN63HN/A,"₹90,990",2% off,"<img alt=""APPLE 2020 Macbook Air M1 - (8 GB/256 GB SSD/Mac OS Big Sur) MGN63HN/A"" class=""_396cs4 _3exPp9"" src=""https://rukminim1.flixcart.com/image/312/312/kp5sya80/screen-guard/tempered-glass/o/v/n/apple-macbook-air-m1-13-3-inch-lightwings-original-imag3gh5xftgbpg3.jpeg?q=70""/>"
APPLE 2020 Macbook Pro M1 - (8 GB/256 GB SSD/Mac OS Big Sur) MYD82HN/A,"₹1,12,990",8% off,"<img alt=""APPLE 2020 Macbook Pro M1 - (8 GB/256 GB SSD/Mac OS Big Sur) MYD82HN/A"" class=""_396cs4 _3exPp9"" src=""https://rukminim1.flixcart.com/image/312/312/kqjtd3k0/screen-guard/screen-guard/g/s/0/apple-macbook-pro-m1-somtone-original-imag4jhqaxbprrgx.jpeg?q=70""/>"
APPLE 2020 Macbook Air M1 - (8 GB/512 GB SSD/Mac OS Big Sur) MGN73HN/A,"₹1,09,990",6% off,"<img alt=""APPLE 2020 Macbook Air M1 - (8 GB/512 GB SSD/Mac OS Big Sur) MGN73HN/A"" class=""_396cs4 _3exPp9"" src=""https://rukminim1.flixcart.com/image/312/312/khdqnbk0/computer/5/d/e/apple-original-imafxfyqkdfxqjab.jpeg?q=70""/>"
APPLE MNHF2ZM/A Wired Headset,"₹1,900",,"<img alt=""APPLE MNHF2ZM/A Wired Headset"" class=""_396cs4 _3exPp9"" src=""https://rukminim1.flixcart.com/image/312/312/jsm3vrk0/smart-headphone/k/j/g/ns6-s6-bluetooth-neckband-headset-with-sports-running-headphone-original-imaemjzdsungh2yw.jpeg?q=70""/>"
APPLE Airpods Pro With Wireless Charging Case Active noise cancellation enabled Bluetooth Headset,"₹24,900",,"<img alt=""APPLE Airpods Pro With Wireless Charging Case Active noise cancellation enabled Bluetooth Headset"" class=""_396cs4 _3exPp9"" src=""https://rukminim1.flixcart.com/image/312/312/kpinwy80/headphone/r/1/q/mwp22hn-a-apple-original-imag3qe9eqkfhmg8.jpeg?q=70""/>"
APPLE Pencil (2nd Generation) Stylus,"₹10,900",,"<img alt=""APPLE Pencil (2nd Generation) Stylus"" class=""_396cs4 _3exPp9"" src=""https://rukminim1.flixcart.com/image/312/312/jv2p6kw0/stylus/m/p/8/pencil-2nd-gen-mu8f2zm-a-apple-original-imafg2dsgpu9pfgz.jpeg?q=70""/>"
"APPLE iPhone XR ((PRODUCT)RED, 128 GB)","₹44,999",14% off,"<img alt=""APPLE iPhone XR ((PRODUCT)RED, 128 GB)"" class=""_396cs4 _3exPp9"" src=""https://rukminim1.flixcart.com/image/312/312/jpbic280/mobile-refurbished/c/2/q/iphone-xr-256-b-mrym2hn-a-apple-0-original-imafbhyybbhddts7.jpeg?q=70""/>"
"APPLE iPhone XR (Yellow, 128 GB)","₹44,999",14% off,"<img alt=""APPLE iPhone XR (Yellow, 128 GB)"" class=""_396cs4 _3exPp9"" src=""https://rukminim1.flixcart.com/image/312/312/k0lbdzk0pkrrdj/mobile/y/z/f/apple-iphone-xr-mry72hn-a-original-imafbhywvgshhwhd.jpeg?q=70""/>"
"APPLE iPhone 13 ((PRODUCT)RED, 256 GB)","₹84,900",5% off,"<img alt=""APPLE iPhone 13 ((PRODUCT)RED, 256 GB)"" class=""_396cs4 _3exPp9"" src=""https://rukminim1.flixcart.com/image/312/312/ktketu80/mobile/e/e/r/iphone-13-mlpj3hn-a-apple-original-imag6vpykhzqhmgh.jpeg?q=70""/>"
"APPLE iPhone 13 (Blue, 128 GB)","₹74,900",6% off,"<img alt=""APPLE iPhone 13 (Blue, 128 GB)"" class=""_396cs4 _3exPp9"" src=""https://rukminim1.flixcart.com/image/312/312/ktketu80/mobile/s/n/i/iphone-13-mlpk3hn-a-apple-original-imag6vpyrhqjgqzw.jpeg?q=70""/>"
"APPLE iPhone 13 Mini ((PRODUCT)RED, 128 GB)","₹69,900",,"<img alt=""APPLE iPhone 13 Mini ((PRODUCT)RED, 128 GB)"" class=""_396cs4 _3exPp9"" src=""https://rukminim1.flixcart.com/image/312/312/ktketu80/mobile/s/a/o/iphone-13-mini-mlke3hn-a-apple-original-imag6vp6hypm4nza.jpeg?q=70""/>"
"APPLE iPhone 13 Mini (Midnight, 128 GB)","₹69,900",,"<img alt=""APPLE iPhone 13 Mini (Midnight, 128 GB)"" class=""_396cs4 _3exPp9"" src=""https://rukminim1.flixcart.com/image/312/312/ktketu80/mobile/e/l/9/iphone-13-mini-mlk53hn-a-apple-original-imag6vp6fhvdvm8d.jpeg?q=70""/>"
"APPLE iPhone 13 Mini (Blue, 128 GB)","₹69,900",,"<img alt=""APPLE iPhone 13 Mini (Blue, 128 GB)"" class=""_396cs4 _3exPp9"" src=""https://rukminim1.flixcart.com/image/312/312/ktketu80/mobile/r/q/e/iphone-13-mini-mlk93hn-a-apple-original-imag6vp6znrgzqbh.jpeg?q=70""/>"
"APPLE iPhone 13 Mini (Starlight, 128 GB)","₹69,900",,"<img alt=""APPLE iPhone 13 Mini (Starlight, 128 GB)"" class=""_396cs4 _3exPp9"" src=""https://rukminim1.flixcart.com/image/312/312/ktketu80/mobile/z/k/a/iphone-13-mini-mlkc3hn-a-apple-original-imag6vp6dzauezvs.jpeg?q=70""/>"
APPLE 2020 Macbook Air M1 - (8 GB/512 GB SSD/Mac OS Big Sur) MGNA3HN/A,"₹1,09,990",6% off,"<img alt=""APPLE 2020 Macbook Air M1 - (8 GB/512 GB SSD/Mac OS Big Sur) MGNA3HN/A"" class=""_396cs4 _3exPp9"" src=""https://rukminim1.flixcart.com/image/312/312/khdqnbk0/computer/f/y/t/apple-original-imafxfyqydgvrkzv.jpeg?q=70""/>"
APPLE 2021 Macbook Pro M1 Pro - (16 GB/512 GB SSD/Mac OS Monterey) MK183HN/A,"₹2,39,890",,"<img alt=""APPLE 2021 Macbook Pro M1 Pro - (16 GB/512 GB SSD/Mac OS Monterey) MK183HN/A"" class=""_396cs4 _3exPp9"" src=""https://rukminim1.flixcart.com/image/312/312/kuyf8nk0/computer/3/n/s/mk183hn-a-laptop-apple-original-imag7yzkbgbwvwq3.jpeg?q=70""/>"
APPLE MacBook Air M1 - (16 GB/256 GB SSD/Mac OS Big Sur) Z124J001KD,"₹1,06,990",5% off,"<img alt=""APPLE MacBook Air M1 - (16 GB/256 GB SSD/Mac OS Big Sur) Z124J001KD"" class=""_396cs4 _3exPp9"" src=""https://rukminim1.flixcart.com/image/312/312/kyt0ya80/computer/b/v/q/na-thin-and-light-laptop-apple-original-imagaygvkp7pjexm.jpeg?q=70""/>"
APPLE Airpods (3rd Generation) Bluetooth Headset,"₹18,500",,"<img alt=""APPLE Airpods (3rd Generation) Bluetooth Headset"" class=""_396cs4 _3exPp9"" src=""https://rukminim1.flixcart.com/image/312/312/kwdv3bk0/headphone/q/o/x/-original-imag92pgct73fbvx.jpeg?q=70""/>"
,,,
,,,
,,2% off,
,,,
